https://www.youtube.com/embed/U2XP8B7uQ5A,aijuex,donald duck ariel and winnie the pooh dancing to an hour long dj set of uk garage``` house and more...
https://www.youtube.com/embed/QVTWvOzktbE,David Bulay,Deep Lo-Fi House Mix #2
https://www.youtube.com/embed/To-64NfEeeU,dedeco /// VGM DJ,Bomberman Hero OST DJ Mix - VIDEO GAME MUSIC DJ SET SPECIAL #02
https://www.youtube.com/embed/WclPSwO555o,dedeco /// VGM DJ,tropical video game music to relax to (at the beach) | PS1``` PS2``` Dreamcast``` Saturn
https://www.youtube.com/embed/sVYTN1DN8R4,dedeco /// VGM DJ,THE SMOOTHEST VIDEO GAME JAMS (Deep House``` Drum and Bass) Ft. KVGM "The Last Wave ||| VGM DJ SET
https://www.youtube.com/embed/j8_cjRP7-C8,elfenlied,haircuts for men - ãƒ‘ã‚¹ãƒ†ãƒ«å‹¾é… lp [Full Album]
https://www.youtube.com/embed/twBcMibg1Vs,Camaz,Jungle in Gaming Mix [01]  // PS1``` N64``` Xbox // 1hr Drum and Bass Mix - ambient``` intelligent``` liquid
https://www.youtube.com/embed/9Np1R757pPM,dedeco /// VGM DJ,i don't understand how i didn't become the king of soundcloud after posting this mix
https://www.youtube.com/embed/4KGsgpFiswQ,Porter Robinson & Madeon,Porter Robinson - Secret Sky Set (2020)
https://www.youtube.com/embed/tncNEtyL1nE,OCT,UKG mix for Driving
https://www.youtube.com/embed/kPHJM_tU0ws,yunji,'ğ’”ğ’˜ğ’†ğ’†ğ’•ğ’†ğ’”ğ’• ğ’“ğ’‚ğ’—ğ’† ğ’Šğ’ ğ’•ğ’‰ğ’† ğ’‰ğ’ğ’–ğ’”ğ’† âœ§*ã€‚DJ set' by yunji (ukg/breakbeat)
https://www.youtube.com/embed/6GEI3PpXEAo,Kuma's campfire,Casiopea - Mint Jams (1982) FULL ALBUM
